{
  "project_info": {
    "project_number": "554386655306",
    "firebase_url": "https://tema-daec4.firebaseio.com",
    "project_id": "tema-daec4",
    "storage_bucket": "tema-daec4.appspot.com"
  },
  "client": [
    {
      "client_info": {
        "mobilesdk_app_id": "1:554386655306:android:3946e73a4ec9d271",
        "android_client_info": {
          "package_name": "com.example.tema"
        }
      },
      "oauth_client": [
        {
          "client_id": "554386655306-hm0d33sf6c9vrsdcd0rhn9mhq4is8d7u.apps.googleusercontent.com",
          "client_type": 3
        }
      ],
      "api_key": [
        {
          "current_key": "AIzaSyBrXcEfRX5-9wwSNEosjnEV3VzLKT_rtyk"
        }
      ],
      "services": {
        "appinvite_service": {
          "other_platform_oauth_client": [
            {
              "client_id": "554386655306-hm0d33sf6c9vrsdcd0rhn9mhq4is8d7u.apps.googleusercontent.com",
              "client_type": 3
            }
          ]
        }
      }
    }
  ],
  "configuration_version": "1"
}